circuitid,name,city,country,latitude,longitude,description
1,Albert Park Grand Prix Circuit,Melbourne,Australia,-37.8497,144.968,"The Albert Park Circuit is a motorsport street circuit around Albert Park Lake in the suburb of Albert Park in Melbourne . It is used annually as a circuit for the Formula One Australian Grand Prix , the supporting Supercars Championship Melbourne SuperSprint and other associated support races. The circuit has an FIA Grade 1 licence.

Although the entire track consists of normally public roads, each sector includes medium to high-speed characteristics more commonly associated with dedicated racetracks facilitated by grass and gravel run-off safety zones that are reconstructed annually. However, the circuit also has characteristics of a street circuit's enclosed nature due to concrete barriers annually built along the Lakeside Drive curve, in particular, where run-off is not available due to the proximity of the lake shore."
2,Sepang International Circuit,Kuala Lumpur,Malaysia,2.76083,101.738,"Sepang International Circuit (Malay: Litar Antarabangsa Sepang) (known as Petronas Sepang International Circuit for commercial reasons) is a motorsport race track in Sepang, Selangor, Malaysia. It is located approximately 45-kilometre (28 mi) south of Kuala Lumpur, close to Kuala Lumpur International Airport. It hosted the Formula One Malaysian Grand Prix between 1999 and 2017, and is also the venue for the Malaysian Motorcycle Grand Prix, the Malaysia Merdeka Endurance Race, and other major motorsport events. Previously known as the Sepang F1 Circuit, it was renamed the Sepang International Circuit. On 31 October 2023, it was announced that Petronas has acquired the naming rights to the circuit for three years in an undisclosed fee."
3,Bahrain International Circuit,Sakhir,Bahrain,26.0325,50.5106,"The Bahrain International Circuit ( Arabic : حلبة البحرين الدولية , romanized : Ḥalba al-Baḥrayn ad-Dawliyya ) is a 5.412 km (3.363 mi) motorsport venue opened in 2004 and used for drag racing , GP2 Series (now FIA Formula 2 ), and the annual Formula One Bahrain Grand Prix . The 2004 Grand Prix was the first held in the Middle East . Beginning in 2006, Australian V8 Supercars raced at the BIC, with the event known as the Desert 400 . However, the V8 Supercars did not return for the 2011 V8 Supercar season . 24 Hour endurance races are also hosted at BIC. The circuit has a FIA Grade 1 license. The circuit also has multiple layouts."
4,Circuit de Barcelona-Catalunya,Montmeló,Spain,41.57,2.26111,"The Circuit de Barcelona-Catalunya ( Catalan pronunciation: [siɾˈkujd də bəɾsəˈlonə kətəˈluɲə] ) is a 4.657 km (2.894 mi) motorsport race track in Montmeló , Barcelona , Catalonia , Spain . With long straights and a variety of corners, the Circuit de Barcelona-Catalunya is seen as an all-rounder circuit. The track has stands with a capacity of 140,700. The circuit has FIA Grade 1 license.

Until 2013 the track was known only as the Circuit de Catalunya , before a sponsorship deal with Barcelona City Council added Barcelona to the track's title."
5,Istanbul Park,Istanbul,Turkey,40.9517,29.405,"Istanbul Park ( Turkish : İstanbul Park ), also known as the Istanbul Racing Circuit or initially as the Istanbul Otodrom , is a motor sports race track in the Tuzla district of Istanbul , Turkey . Designed by Hermann Tilke , it opened on 19–21 August 2005. It has been called ""the best race track in the world"" by former Formula One Chief Executive Bernie Ecclestone , who held the managing rights of the circuit between 2007 and 2011. The circuit was then managed by the Turkish company Intercity since October 2012 to March 2024. The operating rights were given to Can Bilim Eğitim Kurumları A.Ş. in April 2024 for 30 years."
6,Circuit de Monaco,Monte-Carlo,Monaco,43.7347,7.42056,"Circuit de Monaco is a 3.337 km (2.074 mi) street circuit laid out on the city streets of Monte Carlo and La Condamine around the harbour of the Principality of Monaco . It is commonly, and even officially, referred to as "" Monte Carlo "" because it is largely inside the Monte Carlo neighbourhood of Monaco.

The circuit is annually used on three weekends in April–May for Formula One Monaco Grand Prix , Formula E Monaco ePrix and Historic Grand Prix of Monaco . Formula One's respective feeder series over the years – Formula 3000 , GP2 Series and today the Formula 2 and FIA Formula 3 championships and Porsche Supercup – also visit the circuit concurrently with Formula One. The Monaco Grand Prix is one of the three events victories in which count towards the Triple Crown of Motorsport ."
7,Circuit Gilles Villeneuve,Montreal,Canada,45.5,-73.5228,"Le circuit Gilles-Villeneuve est un circuit de sports mécaniques situé au parc Jean-Drapeau sur l' île Notre-Dame , au milieu du fleuve Saint-Laurent , à Montréal , Canada . Il porte son nom en l'honneur du pilote canadien Gilles Villeneuve qui y obtint sa première victoire en 1978 , et qui se tua lors de la séance de qualification du Grand Prix de Formule 1 de Belgique à Zolder le 8 mai 1982 .

Le Grand Prix du Canada de Formule 1 s'y tient depuis 1978 hormis une pause en 2009 et deux annulations en 2020 et 2021 en raison de la pandémie de Covid-19 . Il devient en 2023 avec 42 éditions, le cinquième circuit le plus utilisé dans l'histoire de la Formule 1 ."
8,Circuit de Nevers Magny-Cours,Magny Cours,France,46.8642,3.16361,"Le circuit de Nevers Magny-Cours est un circuit automobile permanent français situé près du village de Magny-Cours , à 18 km au sud de Nevers dans la Nièvre et propriété du conseil départemental de la Nièvre depuis 1986.

Le site comprend trois circuits, la piste Grand Prix, la piste Club et la piste de karting , ainsi que des infrastructures d'accueil, des salles de réception et de conférence. En plus de sa vocation purement sportive (organisation de manifestations diverses, gestion de ses infrastructures destinées aux sports mécaniques), le circuit a également pour activité la gestion d'équipements permettant l'organisation de réunions d'entreprises, de séminaires ou congrès.

Le Grand Prix de France de Formule 1 s'y est couru de 1991 à 2008 ."
9,Silverstone Circuit,Silverstone,UK,52.0786,-1.01694,"Silverstone Circuit is a motor racing circuit in England, near the Northamptonshire villages of Silverstone and Whittlebury . It is the home of the British Grand Prix , which it first hosted as the 1948 British Grand Prix . The 1950 British Grand Prix at Silverstone was the first race in the newly created World Championship of Drivers . The race rotated between Silverstone, Aintree and Brands Hatch from 1955 to 1986, but settled permanently at the Silverstone track in 1987. The circuit also hosts the British round of the MotoGP series."
10,Hockenheimring,Hockenheim,Germany,49.3278,8.56583,"The Hockenheimring Baden-Württemberg ( German: [ˈhɔkŋ̍haɪmʁɪŋ ˌbaːdn̩ ˈvʏʁtəmbɛʁk] ) is a motor racing circuit situated in the Rhine valley near the town of Hockenheim in Baden-Württemberg , Germany, located on the Bertha Benz Memorial Route . Amongst other motor racing events, it has hosted the German Grand Prix , most recently in 2019 . The circuit is nearly flat. The circuit has an FIA Grade 1 licence."
11,Hungaroring,Budapest,Hungary,47.5789,19.2486,"The Hungaroring is a 4.381 km (2.722 mi) motorsport racetrack in Mogyoród , Pest County , Hungary where the Formula One Hungarian Grand Prix is held. In 1986, it became the location of the first Formula One Grand Prix behind the Iron Curtain . Bernie Ecclestone wanted a race in the USSR , but a Hungarian friend recommended Budapest . They wanted a street circuit similar to the Circuit de Monaco to be built in the Népliget – Budapest's largest park – but the government decided to build a new circuit just outside the city near a major highway. Construction works started on 1 October 1985. It was built in eight months, less time than any other Formula One circuit. The first race was held on 24 March 1986, in memory of János Drapál , the first Hungarian who won motorcycle Grand Prix races. According to a survey put together by the national tourism office of Hungary, Mogyoród ranks third among Hungarian destinations visited by tourists, behind the Danube Bend area and Lake Balaton , but ahead of Budapest. The circuit has FIA Grade 1 license."
12,Valencia Street Circuit,Valencia,Spain,39.4589,-0.331667,"The Valencia Street Circuit ( Valencian : Circuit Urbà de València , Spanish: Circuito Urbano de Valencia ) was a street circuit in Valencia, Spain which hosted the Formula One European Grand Prix for five years (2008–2012). The first Formula One race meeting on the circuit was held over the 23–24 August 2008 weekend, with Felipe Massa winning the main event, the European Grand Prix, after starting from pole position . The circuit used the roads skirting the city's harbour and America's Cup port area – including a section over a 140-metre-long (460 ft) swing bridge – and also included some roads designed exclusively for racing purposes by the German architect Hermann Tilke , who also designed the infrastructure buildings for the circuit. The 2012 edition took place on 24 June and was the last to go under the name of the European Grand Prix until 2016, when the Baku City Circuit used the title for one year. The circuit has been left abandoned after a deal fell through to alternate this venue with Catalunya in Barcelona to host the Spanish Grand Prix."
13,Circuit de Spa-Francorchamps,Spa,Belgium,50.4372,5.97139,"The Circuit de Spa-Francorchamps ( French pronunciation: [siʁkɥi də spa fʁɑ̃kɔʁʃɑ̃] ), informally referred to as Spa , is a 7.004 km (4.352 mi) motor-racing circuit located in Francorchamps , Stavelot , Wallonia , Belgium, about 8 km (5.0 mi) southeast of Spa . It is the current venue of the Formula One Belgian Grand Prix , hosting its first Grand Prix in 1925 , and has held a Grand Prix every year since 1985 except 2003 and 2006.

Spa also hosts several other international events including the 24 Hours of Spa and the World Endurance Championship 6 Hours of Spa-Francorchamps . It is also the host of the Uniroyal Fun Cup 25 Hours of Spa, one of the longest motor races in the world.

The circuit has undergone several redesigns through its history, most extensively in 1979 when the track was modified and shortened from a 14.100 km (8.761 mi) circuit using public roads to a 6.947 km (4.317 mi) permanent circuit due to safety concerns with the old circuit."
14,Autodromo Nazionale di Monza,Monza,Italy,45.6156,9.28111,"L' Autodromo nazionale Monza è un circuito automobilistico italiano , situato all'interno del parco di Monza .

È il terzo autodromo permanente più antico al mondo, dopo quello di Brooklands in Inghilterra e quello di Indianapolis negli Stati Uniti d'America ; inoltre è la sede storica del Gran Premio d'Italia , disputatosi qui 89 volte sulle 94 totali; sin dalla sua istituzione nel 1950 (con l'eccezione del 1980) ha sempre ospitato la Formula 1 ; dal 1949 al 1968 è anche stato sede del Gran Premio delle Nazioni del Motomondiale . È il circuito dove si sono svolti più Gran Premi di Formula 1 ; nella stagione 2024 si è corso il 74º Gran Premio. Il circuito è noto anche come il ""Tempio della velocità"" per i suoi lunghi rettilinei e le curve ad alta percorrenza.

Dal 1991 , con le modifiche al circuito di Silverstone , il tracciato brianzolo è il più veloce tra quelli iridati: il record assoluto del circuito è di 1'18""887 con una media di 264,362 km/h, la più alta di sempre della storia della Formula 1 , stabilito da Lewis Hamilton su Mercedes nelle qualifiche del Gran Premio d'Italia 2020 .

Il circuito viene utilizzato anche per numerose manifestazioni, corse di beneficenza, concerti e in alcune occasioni è stato anche partenza o arrivo di una tappa del Giro d'Italia . L'autodromo ha una capienza di 118 865 posti a sedere.

Dal 7 al 9 luglio 2023 si è tenuto il primo Gran Premio femminile nella storia di Monza, in occasione del quinto appuntamento della F1 Academy 2023 , che è consistito in tre mini-gare: a vincerle sono state Marta García , Léna Bühler e Bianca Bustamante. Il record femminile nel giro di pista in gara è proprio della pilota spagnola, che in gara 3, pur arrivando quinta, ha chiuso un giro in 1'53""652."
15,Marina Bay Street Circuit,Marina Bay,Singapore,1.2914,103.864,"The Marina Bay Street Circuit (otherwise known as the Singapore Street Circuit ) is a street circuit around Marina Bay , Singapore , encompassing the planning areas of Downtown Core (Turns 4 to 19) and Kallang (Turns 1 to 3).

It is the venue for the Singapore Grand Prix . The track is 4.940 km (3.070 mi) long in a harbourside location similar in style to the Circuit de Monaco and the Valencia Street Circuit .

The circuit was designed by KBR , and is a modification of the original one first proposed by Hermann Tilke . The circuit has a FIA Grade 1 license. The circuit held a unique record of having at least one safety car appearance in every race until the 2024 race. There has been a total of 24 safety car deployments in 15 races."
16,Fuji Speedway,Oyama,Japan,35.3717,138.927,"Fuji Speedway ( 富士スピードウェイ , Fuji Supīdowei ) is a motorsport race track standing in the foothills of Mount Fuji , in Oyama , Suntō District , Shizuoka Prefecture , Japan. It was built in the early 1960s. In the 1980s, Fuji Speedway was used for the FIA World Sportscar Championship and national racing. Originally managed by Mitsubishi Estate , Fuji Speedway was acquired by Toyota in 2000. The circuit hosted the Formula One 2007 Japanese Grand Prix after an absence of nearly 30 years, replacing the Suzuka Circuit owned by Honda . After Fuji Speedway hosted the 2008 race, the Japanese Grand Prix returned to Suzuka for races from 2009 onward. The Super GT Fuji 500 km race is held at the racetrack on Golden Week .

Fuji Speedway has one of the longest straights in motorsport, at 1.475 km (0.917 mi) in length. The circuit has an FIA Grade 1 license."
17,Shanghai International Circuit,Shanghai,China,31.3389,121.22,"The Shanghai International Circuit ( simplified Chinese : 上海国际赛车场 ; traditional Chinese : 上海國際賽車場 ; pinyin : Shànghǎi Guójì Sàichēchǎng ), also called the SAIC Shanghai International Circuit ( simplified Chinese : 上海上汽国际赛车场 ; traditional Chinese : 上海上汽國際賽車場 ; pinyin : Shànghǎi Shàngqì Guójì Sàichēchǎng ) for sponsorship purposes, is a motorsport race track , situated in the Jiading District , Shanghai , China . The circuit is best known as the venue for the annual Chinese Grand Prix which was hosted from 2004 to 2019, and from 2024. Besides Chinese Grand Prix, the circuit also hosts Shanghai ePrix from 2024.

The Shanghai International Circuit features over 10 top-tier domestic car racing events annually. It also boasts Shanghai's only world-class outdoor go-karting track.

As a nationally recognized 4A-rated tourist attraction, the circuit features tourism, shopping, dining, entertainment, and sports.

The track was resurfaced ahead of the 2025 Chinese Grand Prix ."
18,Autódromo José Carlos Pace,São Paulo,Brazil,-23.7036,-46.6997,"The Autódromo José Carlos Pace , better known as Autódromo de Interlagos or simply Interlagos , is a 4.309 km (2.677 mi) motorsport circuit located in the city of São Paulo , Brazil . It was inaugurated on 12 May 1940, by the federal intervener of the São Paulo province, Adhemar de Barros . In 1985, the circuit was renamed to honor the Formula 1 driver José Carlos Pace , who died in a plane crash in 1977. Attached to its facilities there is a kart circuit named after Ayrton Senna . It runs counterclockwise .

It is internationally known for hosting the Lollapalooza music festival. It has hosted the Formula One Brazilian Grand Prix since 1973. It also hosted the Brazilian motorcycle Grand Prix in 1992, the Deutsche Tourenwagen Meisterschaft in 1996, the FIA GT1 World Championship in 2010, and the FIA World Endurance Championship from 2012 to 2014. As the major racetrack in the country it also hosted many previous and active national championships such as Stock Car Brasil , Campeonato Sudamericano de GT , Fórmula Truck , Copa Truck , Formula 3 Sudamericana , Brazilian Formula Three Championship , and Mil Milhas Brasil . In addition, the Prova Ciclística 9 de Julho road cycling race was held at the venue from 2002 to 2006 and from 2008 to 2013.

The contract is prolonged until 2030, although profits from tobacco advertising have been cut from the equation since such advertising was banned in 2006."
19,Indianapolis Motor Speedway,Indianapolis,USA,39.795,-86.2347,"The Indianapolis Motor Speedway is a motor racing circuit located in Speedway, Indiana , United States, an enclave suburb of Indianapolis , Indiana. It is the home of the Indianapolis 500 and the Brickyard 400 and formerly the home of the United States Grand Prix and Indianapolis motorcycle Grand Prix . It is located six miles (9.7 km) west of Downtown Indianapolis .

Constructed in 1909, it is the second purpose-built, banked oval racing circuit after Brooklands and the first to be called a 'speedway'. It is the third-oldest permanent automobile race track in the world, behind Brooklands and the Milwaukee Mile . With a permanent seating capacity of 257,325, it is the highest-capacity sports venue in the world .

The track is a 2.500 mi (4.023 km) rectangular oval with dimensions that have remained essentially unchanged since its construction. It has two 0.625 mi (1.006 km) straightaways, four geometrically identical 0.250 mi (0.402 km) turns, connected by two 0.125 mi (0.201 km) short straightaways, termed ""short chutes"", between turns 1 and 2, and between turns 3 and 4. The turns have 9°12' banking, considered relatively flat by American standards.

A modern, FIA Grade One infield road course was completed in 2000, incorporating part of the oval, including the main stretch and the southwest turn, measuring 2.605 mi (4.192 km). In 2008, and again in 2014, the road course layout was modified to accommodate motorcycle racing, as well as to improve competition. Altogether, the current grounds have expanded from an original 320 acres (1.3 km ) on which the speedway was first built to cover an area of over 559 acres (2.3 km ). Placed on the National Register of Historic Places in 1975 and designated a National Historic Landmark in 1987, it is the only such site to be affiliated with automotive racing history.

In addition to the Indianapolis 500, the speedway also hosts NASCAR 's Brickyard 400 and Pennzoil 250. From 2000 to 2007, the speedway hosted the Formula One United States Grand Prix, and from 2008 to 2015 the Moto GP . The speedway served as the venue for the opening ceremonies for the 1987 Pan American Games .

On the grounds of the speedway is the Indianapolis Motor Speedway Museum , which opened in 1956, and houses the Hall of Fame . The museum moved into its current building located in the infield in 1976. Also on the grounds is the Brickyard Crossing Golf Resort, which originally opened as the Speedway Golf Course in 1929. The golf course has 14 holes outside the track, along the backstretch, and four holes in the infield. The site is among the most visited attractions in the Indianapolis metropolitan area , with 1 million guests annually. The track is nicknamed ""The Brickyard"" (see below), and the venue self-describes as the ""Racing Capital of the World"". The garage area is known as Gasoline Alley , though Indy 500 racecars have used methanol and currently ethanol.

The Speedway is owned by Roger Penske 's company Penske Corporation , following its 2019 purchase of Hulman & Company and its assets, which included the Speedway, the IndyCar Series , and associated enterprises."
20,Nürburgring,Nürburg,Germany,50.3356,6.9475,"The Nürburgring ( German pronunciation: [ˈnyːɐ̯bʊʁkˌʁɪŋ] ) is a 150,000-person capacity motorsports complex located in the town of Nürburg , Rhineland-Palatinate , Germany . It features a Grand Prix race track built in 1984, and a long Nordschleife ""North loop"" track, built in the 1920s, around the village and medieval castle of Nürburg in the Eifel mountains. The north loop is 20.830 km (12.943 mi) long and contains more than 300 metres (1,000 feet) of elevation change from its lowest to highest points. Scottish racing driver Jackie Stewart nicknamed the track ""The Green Hell"".

Originally, the track featured four configurations, namely the 28.265 km (17.563 mi)-long Gesamtstrecke (""Whole Course""), which in turn consisted of the 22.835 km (14.189 mi) Nordschleife (""North Loop"") and the 7.747 km (4.814 mi) Südschleife (""South Loop""). There was also a 2.281 km (1.417 mi) warm-up loop called Zielschleife (""Finish Loop"") or Betonschleife (""Concrete Loop""), around the pit area.

Between 1982 and 1983, the start/finish area was demolished to create a new GP-Strecke , which is now used for all major and international racing events. However, the shortened Nordschleife is still in use for racing, testing and public access."
21,Autodromo Enzo e Dino Ferrari,Imola,Italy,44.3439,11.7167,"The Imola Circuit , officially called the Autodromo Internazionale Enzo e Dino Ferrari ( Italian for 'Enzo and Dino Ferrari International Circuit'), is a 4.909 km (3.050 mi) motor racing circuit. It is located in the town of Imola , in the Emilia-Romagna region of Italy , 40-kilometre (25 mi) east of Bologna . It is one of the few major international circuits to run in an anti-clockwise direction. Initially used for motorcycle racing , the first race at Imola was held in 1953. The circuit has an FIA Grade One licence. The circuit is named after the founder of the Ferrari car company, Enzo Ferrari (1898–1988), and his son Alfredo ""Dino"" Ferrari (1932–1956). It was called the Autodromo di Imola from 1953 to 1956 and the Autodromo Dino Ferrari from 1957 to 1988.

Imola hosted non-championship Formula One races in the 1963 Imola Grand Prix and the 1979 Dino Ferrari Grand Prix . It was used for official championship races in the 1980 Italian Grand Prix and the San Marino Grand Prix every year from 1981 to 2006. Safety concerns with the circuit were raised throughout the 1980s and 1990s, particularly with the high speed Tamburello corner where numerous accidents occurred. This resulted in fatalities, including the death of Ayrton Senna in 1994. Chicanes were introduced at multiple points to reduce cornering speeds, which changed the nature of the course and caused problems with their high kerbs .

Formula One stopped racing at Imola in 2007, leading the circuit owners to undertake major reconstruction work to the track and pit lane facilities. After the work was completed, a contract was signed for Formula One to return  to Imola from 2017, but legal disputes prevented this from occurring. It eventually returned in 2020, with the circuit hosting the Emilia Romagna Grand Prix since 2020. When Formula One visits Imola, it is considered one of the home circuits of the Scuderia Ferrari racing team, which is based in nearby Maranello .

The circuit has hosted many other motor racing series, including the Superbike World Championship , Motocross World Championship , World Touring Car Championship and European Le Mans Series . Several road bicycle races have also used the circuit, including stages of the Giro d'Italia and UCI Road World Championships ."
22,Suzuka Circuit,Suzuka,Japan,34.8431,136.541,"The Suzuka International Racing Course ( Japanese : 鈴鹿国際レーシングコース , Hepburn : Suzuka Kokusai Rēsingu Kōsu ) , a.k.a. the Suzuka Circuit ( 鈴鹿サーキット , Suzuka Sākitto ) , is a 5.807 km (3.608 mi) long motorsport race track located in Ino, Suzuka City , Mie Prefecture , Japan and operated by Honda Mobilityland , a subsidiary of Honda Motor Co, Ltd . It has a capacity of 155,000. It is most well known by its use by both the international Formula One ; and Japanese Super Formula championships."
80,Las Vegas Strip Street Circuit,Las Vegas,United States,36.1147,-115.173,"The Las Vegas Strip Circuit is a street circuit around parts of the Las Vegas Strip in Paradise, Nevada , immediately adjacent to Las Vegas, Nevada . It winds through the streets of the city and comprises the Las Vegas Strip, a section of Las Vegas Boulevard that is home to the city's major hotels and casinos. It incorporates some of the most notable landmarks of the city, including MSG Sphere , Caesars Palace , Bellagio , and Paris Las Vegas .

Designed by Carsten Tilke, the son of Formula One circuit designer Hermann Tilke , the circuit broke ground in March 2022 and opened on November 16, 2023, during the weekend of the first Las Vegas Grand Prix ."
24,Yas Marina Circuit,Abu Dhabi,UAE,24.4672,54.6031,"The Yas Marina Circuit (Arabic: حلبة مرسى ياس) is the venue for the Abu Dhabi Grand Prix . The circuit was designed by Hermann Tilke , and is situated on Yas Island , in Abu Dhabi , the capital of the United Arab Emirates . Yas Marina was the second of four Formula One tracks in the Middle East , with the first being in Bahrain and subsequent tracks in Qatar and Saudi Arabia .

A two-day GP2 Asia Series test was held to officially open the circuit, which was held a week before the 2009 Abu Dhabi Grand Prix . It also hosted V8 Supercars between 2010 and 2012, with the event being the opening round in 2010 and 2011. Outside motorsport, the circuit was used for the final stage of the inaugural Abu Dhabi Tour cycle race in 2015–2017. The circuit has an FIA Grade 1 license."
25,Autódromo Juan y Oscar Gálvez,Buenos Aires,Argentina,-34.6943,-58.4593,
26,Circuito de Jerez,Jerez de la Frontera,Spain,36.7083,-6.03417,"El Circuito de Jerez-Ángel Nieto ​ es un autódromo de 4.423,101 m. (3,152 millas) de longitud, situado en la ciudad de Jerez de la Frontera , provincia de Cádiz , Andalucía , España . Fue inaugurado en 1985. ​ El proyecto fue liderado por el ingeniero español Manuel Medina Lara, a partir de una idea preliminar de Sandro Rocci. El circuito se encuentra junto a la autovía , a la altura de la urbanización de Monte Castillo ."
27,Autódromo do Estoril,Estoril,Portugal,38.7506,-9.39417,"O Autódromo Fernanda Pires da Silva , popularmente conhecido como Autódromo do Estoril é um autódromo de Portugal , localizado no Concelho de Cascais. O autódromo era o principal e maior de Portugal até à construção do Autódromo Internacional do Algarve em 2008. A pista possui 4,36 quilômetros e 13 curvas.

Durante 13 edições (de 1984 até 1996 ), Estoril abrigou o Grande Prémio de Portugal de Fórmula 1 . Foi na pista do Estoril no seu ano de estreia em 1984 que o austríaco Niki Lauda conquistou o tricampeonato. Em 1985 , o brasileiro Ayrton Senna obteve a primeira pole e vitória na categoria, e em 1993 o francês Alain Prost conquistou o tetracampeonato. O circuito deixou de estar presente no calendário da MotoGP no ano de 2012. A terceira ronda da História da A1 Grand Prix foi realizada neste circuito, no dia 23 de outubro de 2005.

O circuito foi construído no ano de 1972, num planalto próximo do Estoril , por iniciativa de Fernanda Pires da Silva que idealizou, ao lado do arquiteto brasileiro Ayrton Lolô Cornelsen , o autódromo do Estoril e lhe empresta o nome, lutou contra tudo e todos para o erguer, em 1972, nos terrenos adquiridos ao amigo Lúcio Tomé Feteira .

Em julho de 2015, a Câmara Municipal de Cascais anunciou a compra da sociedade gestora - a Circuito do Estoril, S.A. - ao Estado por 4,92 milhões de euros, mas a operação foi rejeitada pelo Tribunal de Contas em fevereiro de 2016 e não se concretizou, por não ter sido considerada ""adequada às atribuições dos municípios""."
28,Okayama International Circuit,Okayama,Japan,34.915,134.221,
29,Adelaide Street Circuit,Adelaide,Australia,-34.9272,138.617,"The Adelaide Street Circuit (also known as the Adelaide Parklands Circuit ) is a temporary street circuit in the East Parklands adjacent to the Adelaide central business district in South Australia , Australia .

The 3.780 km (2.349 mi) ""Grand Prix"" version of the track hosted eleven Formula One Australian Grand Prix events from 1985 to 1995, as well as an American Le Mans Series endurance race on New Year's Eve in 2000 ( Race of a Thousand Years ). Between 1999 and 2020 and again from 2022, a shortened 3.219 km (2.000 mi) version of the circuit has been used for the Adelaide 500 touring car race. It is also being used by the Adelaide Motorsport Festival."
30,Kyalami,Midrand,South Africa,-25.9894,28.0767,"Kyalami Grand Prix Circuit (from Khaya lami , My home in Zulu ) is a 4.529 km (2.814 mi) motor racing circuit located in Midrand , Gauteng , South Africa , just north of Johannesburg . The circuit has been used for Grand Prix and Formula One races and has hosted the South African Grand Prix twenty times. Among the Formula One races held at the track the 1977 South African Grand Prix stands out, as it is principally remembered for the fatal accident that claimed the lives of race marshal Frederick Jansen van Vuuren and driver Tom Pryce . In recent years, the area surrounding the circuit has developed into a residential and commercial suburb of Johannesburg . More recently, Kyalami has played host to five rounds of the Superbike World Championship from 1998 to 2002 and later in 2009 and 2010, the season finale of the Superstars Series in 2009 and 2010, and the South African round of the 2008–09 A1 Grand Prix season . International racing returned to the circuit in November 2019, when it hosted the 2019 Kyalami 9 Hours , serving as the season finale of the 2019 Intercontinental GT Challenge ."
31,Donington Park,Castle Donington,UK,52.8306,-1.37528,"Donington Park is a motorsport circuit located near Castle Donington in Leicestershire , England. The circuit business is now owned by Jonathan Palmer 's MotorSport Vision organisation, and the surrounding Donington Park Estate, still owned by the Wheatcroft family, is currently under lease by MotorSport Vision until 2038. It has a capacity of 120,000, and is also the venue of the Download Festival .

Originally part of the Donington Hall estate, it was created as a racing circuit during the period between the First and Second World Wars when the German Silver Arrows were battling for the European Championship. Used as a military vehicle storage depot during the Second World War , it fell into disrepair until bought by local construction entrepreneur Tom Wheatcroft . Revived under his ownership in the 1970s, it hosted a single Formula One race in 1993, but became the favoured home of the British round of the MotoGP motorcycling championship.

Leased by Donington Ventures Leisure Ltd in 2007 the hope that Formula One racing could return to the track, the incomplete venture failed to raise sufficient financial backing during the aftermath of the 2007–2008 financial crisis . DVLL consequently lost the rights to the British rounds of both Formula 1 and MotoGP series, and in its bankruptcy returned the track to the Wheatcroft family in December 2009.

Under Wheatcroft's ownership, the venue underwent significant work, with the track restored to use in autumn 2010, before major upgrades in the following five years. At the end of 2010, it was announced that Donington would become home to an annual historic motorsport event, the Donington Historic Festival, with new events constantly being added. Since 2010, significant investment across the venue has seen major improvements made to its infrastructure, while the circuit has become a regular fixture for top class motorcycling in the form of the Superbike World Championship .

In January 2017, the circuit business and a long-term lease on the estate was purchased by MotorSport Vision, with the purchase cleared by authorities in August of the same year. Significant investment has seen facilities at the venue brought up to modern standards, with a new restaurant, toilet blocks, large new grandstand and new circuit offices, as well as other detail changes. As well as improving the infrastructure, MSV made additions to the race calendar, with additional major events planned for 2019 which included extra rounds of the British Superbike Championship and British GT."
32,Autódromo Hermanos Rodríguez,Mexico City,Mexico,19.4042,-99.0907,"El Autódromo Hermanos Rodríguez es un autódromo ubicado al oriente de la Ciudad de México , México , dentro del macro complejo Ciudad Deportiva Magdalena Mixhuca , a un par de kilómetros del aeropuerto . ​

Fue construido en 1959 y es propiedad del Gobierno de Ciudad de México , ​ operado bajo concesión por la Corporación Interamericana de Entretenimiento , a través de su subsidiaria OCESA Entretenimiento, una de las filiales de CIE. ​ CIE también organiza las carreras NASCAR y Desafío Corona en este circuito y alquila los circuitos a otras partes, incluidos organizadores de carreras, clubes de automóviles y aficionados de pista por tarifas que son controvertidas debido a sus montos desproporcionadamente altos en comparación con otros cursos ex-Fórmula 1.

La NASCAR Xfinity Series comenzó a competir en el Autódromo Hermanos Rodríguez en la temporada 2005 y finalizó en la temporada 2008. Martin Truex Jr. ganó la carrera en 2005 y Denny Hamlin ganó en 2006. Para la carrera de 2007, se eliminó la chicane para aumentar las oportunidades de adelantamiento en la recta delantera y en la curva 1, y el piloto colombiano Juan Pablo Montoya , ganó la carrera. Kyle Busch fue el ganador de la carrera en 2008. ​

El A1 Grand Prix comenzó a competir en el Autódromo Hermanos Rodríguez en la temporada 2006-07 utilizando la configuración de pista completa utilizada por la Fórmula 1. Alex Yoong de Malasia ganó la carrera de velocidad y Oliver Jarvis del Reino Unido ganó la carrera principal. En la temporada 2007-08 , Jonny Reid de Nueva Zelanda ganó la carrera de velocidad y Adam Carroll del equipo de Irlanda ganó la carrera principal. ​

En julio de 2014 se anunció que se volvería a disputar el 1 de noviembre de 2015 el Gran Premio de México . ​ ​ De esta manera, México recibió una carrera de Fórmula 1 luego de 23 años. Su retorno al campeonato tuvo algunos problemas organizativos, que incluyeron la clausura de una grada y la amenaza por parte de vecinos de boicotear el evento. ​ ​"
33,Phoenix street circuit,Phoenix,USA,33.4479,-112.075,"The Formula One United States Grand Prix was held on the Phoenix street circuit in Phoenix, Arizona , between 1989 and 1991. It was held in downtown by the Phoenix Civic Plaza and the America West Arena , prior to the introduction of the state's baseball stadium, Bank One Ballpark . The United States Grand Prix lasted in Phoenix for three years, but was dropped without explanation by Formula One management. There were no further Formula One races in the US until the Indianapolis Motor Speedway first held a Grand Prix in 2000 ."
34,Circuit Paul Ricard,Le Castellet,France,43.2506,5.79167,"The Circuit Paul Ricard ( French pronunciation: [siʁkɥi pɔl ʁikaʁ] ) is a French motorsport race track built in 1969 at Le Castellet , Var , near Marseille , with finance from pastis magnate Paul Ricard . Ricard wanted to experience the challenge of building a racetrack. The circuit has hosted the FIA Formula One French Grand Prix intermittently from 1971 to 2022 ."
35,Korean International Circuit,Yeongam County,Korea,34.7333,126.417,"The Korea International Circuit (코리아 인터내셔널 서킷) is a 5.615 km (3.489 mi) motorsport circuit located in Yeongam , South Jeolla Province , South Korea , 400 km (250 mi) south of Seoul and near the port city of Mokpo . It was the venue for the Korean Grand Prix from 2010 to 2013 after a $264 million (250 billion won ) deal between Bernie Ecclestone and the Korean F1 promoter Korea Auto Valley Operation (KAVO – a joint venture between M-Bridge Holdings and Jeollanam-do regional government).

By 2015, having only hosted four Grand Prix events and relegated to hosting modestly attended local races, the facility has been criticized as a debacle."
36,Autódromo Internacional Nelson Piquet,Rio de Janeiro,Brazil,-22.9756,-43.395,"The Autódromo Internacional Nelson Piquet (Nelson Piquet International Racetrack), also known as Jacarepaguá after the neighbourhood in which it was located, and also as the Autódromo Riocentro , was a motorsport circuit in Rio de Janeiro , Brazil. Opened in January 1978, a few weeks before the 1978 Brazilian Grand Prix , it hosted the Formula One Brazilian Grand Prix on ten occasions, and was also used for CART , motorcycle racing and stock car racing . In 2012, it was demolished to make way for facilities to be used at the 2016 Summer Olympics ."
37,Detroit Street Circuit,Detroit,USA,42.3298,-83.0401,"The streets of Detroit , in the U.S. state of Michigan , hosted Formula One racing, and later Championship Auto Racing Teams (CART) racing, between the 1982 and 1991 seasons. The street circuit course was set up near the Renaissance Center and the Cobo Arena , also including a small part of the M-1 highway , also known as Woodward Avenue. It is a flat circuit, with elevation ranging from 577–604 ft (176–184 m) above sea level.

The circuit was reopened on June 2, 2023, for the IndyCar Detroit Grand Prix race weekend with a modified and shortened layout."
38,Brands Hatch,Kent,UK,51.3569,0.263056,"Brands Hatch is a motor racing circuit in West Kingsdown , Kent , England , United Kingdom . Originally used as a grasstrack motorcycle circuit on farmland, it hosted 12 runnings of the British Grand Prix between 1964 and 1986 and currently hosts many British and International racing events. The venue is owned and operated by Jonathan Palmer 's MotorSport Vision organisation."
39,Circuit Park Zandvoort,Zandvoort,Netherlands,52.3888,4.54092,"Circuit Zandvoort ( Dutch pronunciation: [sɪrˈkʋi ˈzɑntˌfoːrt] ), known for sponsorship reasons as CM.com Circuit Zandvoort , previously known as Circuit Park Zandvoort until 2017, is a 4.259 km (2.646 mi) motorsport race track located in the dunes north of Zandvoort , the Netherlands , near the North Sea coast line and 35 km (22 mi) west of Amsterdam . It returned to the Formula One calendar in 2021 as the location of the revived Dutch Grand Prix . This partnership with Formula One will end in 2026."
40,Zolder,Heusden-Zolder,Belgium,50.9894,5.25694,"The Circuit Zolder , also known as Circuit Terlamen , is an undulating 4.011 km (2.492 mi) motorsport race track in Heusden-Zolder , Belgium ."
41,Dijon-Prenois,Dijon,France,47.3625,4.89913,"Le circuit de Dijon-Prenois est un circuit français de sport mécanique situé à Prenois , près de Dijon , dans le département de la Côte-d'Or en région Bourgogne-Franche-Comté .

L'inauguration du Stade automobile de Dijon-Prenois, avec un tracé initial de 3,289 km , a eu lieu le 26 mai 1972 . En 1975 , sa longueur est portée à 3,800 km . De nombreuses courses d'endurance se disputèrent sur le circuit : les 500 et 1 000 km de Dijon, les 4 et 6 heures de Dijon, et une course du championnat du monde des voitures de sport (FIA-SCC). Antérieurement, les courses de Sports-Prototypes se déroulaient à Dijon- Longvic depuis 1969."
42,Fair Park,Dallas,USA,32.7774,-96.7587,"Fair Park is a recreational and educational complex in Dallas, Texas , United States, located immediately east of downtown . The 277- acre (112 ha ) area is registered as a Dallas Landmark and National Historic Landmark ; many of the buildings were constructed for the Texas Centennial Exposition in 1936.

Fair Park has been designated a Great Place in America by the American Planning Association ."
43,Long Beach,California,USA,33.7651,-118.189,"Long Beach is a coastal city in southeastern Los Angeles County, California , United States. It is the 44th-most populous city in the United States, with a population of 451,307 as of 2022. A charter city , Long Beach is the 7th-most populous city in California , the 2nd-most populous city in Los Angeles County, and the largest city in California that is not a county seat .

Incorporated in 1897, Long Beach lies in Southern California , in the southern part of Los Angeles County. Long Beach is approximately 20 miles (32 km) south of downtown Los Angeles , and is part of the Gateway Cities region. The Port of Long Beach is the second busiest container port in the United States and is among the world's largest shipping ports. The city is over an oilfield with minor wells both directly beneath the city as well as offshore.

The city is known for its waterfront attractions, including the permanently docked RMS Queen Mary and the Aquarium of the Pacific . Long Beach also hosts the Grand Prix of Long Beach , an IndyCar race and the Long Beach Pride Festival and Parade . California State University, Long Beach , one of the largest universities in California by enrollment, is within the city."
44,Las Vegas Street Circuit,Nevada,USA,36.1162,-115.174,"The Las Vegas Strip Circuit is a street circuit around parts of the Las Vegas Strip in Paradise, Nevada , immediately adjacent to Las Vegas, Nevada . It winds through the streets of the city and comprises the Las Vegas Strip, a section of Las Vegas Boulevard that is home to the city's major hotels and casinos. It incorporates some of the most notable landmarks of the city, including MSG Sphere , Caesars Palace , Bellagio , and Paris Las Vegas .

Designed by Carsten Tilke, the son of Formula One circuit designer Hermann Tilke , the circuit broke ground in March 2022 and opened on November 16, 2023, during the weekend of the first Las Vegas Grand Prix ."
45,Jarama,Madrid,Spain,40.6171,-3.58558,
46,Watkins Glen,New York State,USA,42.3369,-76.9272,"Watkins Glen is a village and census-designated place in and the county seat of Schuyler County , New York , United States. As of the 2020 census, the population was 1,829. Watkins Glen lies between the towns of Dix and Reading . To the southwest of the village is the Watkins Glen International race track, which hosts annual NASCAR Cup Series and WeatherTech SportsCar Championship races, and formerly hosted the Formula One United States Grand Prix and various IndyCar races.

The village was the recipient of the ten-million-dollar Downtown Revitalization Initiative (DRI) grant in July 2017 to revitalize the Mixed Use Village Center (VC). Former governor of New York Andrew M. Cuomo awarded fourteen projects in hopes that they would be catalysts for increased private investment in the village. This grant was largely secured by the work of local government officials and the Schuyler County Partnership for Economic Development (SCOPED). As of December 2023, the majority of the awarded projects have been completed."
47,Scandinavian Raceway,Anderstorp,Sweden,57.2653,13.6042,"Anderstorp Raceway , previously known as Scandinavian Raceway , is a 4.025 km (2.501 mi) motorsport race track in Anderstorp ( Gislaved Municipality ), Sweden and the sole Nordic host of a Formula One World Championship Grand Prix, when the Swedish Grand Prix was held for six years between 1973 and 1978."
48,Mosport International Raceway,Ontario,Canada,44.0481,-78.6756,"Canadian Tire Motorsport Park (formerly Mosport Park and Mosport International Raceway ) is a multi- track motorsport venue located north of Bowmanville , Ontario, Canada, approximately 75 kilometers (47 miles) east of Toronto . The facility features a 3.957 km (2.459 mi), 10-turn road course; a 2.9 km (1.8 mi) advance driver and race driver training facility with a 0.402 km (0.250 mi) skid pad (Driver Development Centre) and a 1.5 km (0.93 mi) kart track (Mosport Karting Centre Inc., previously ""Mosport Kartways""). The name ""Mosport"", a portmanteau of Motor Sport, came from the enterprise formed to build the track."
49,Montjuïc,Barcelona,Spain,41.3664,2.15167,"Montjuïc ( Catalan pronunciation: [muɲʒuˈik] ) is a hill in Barcelona , Catalonia , Spain .

Montjuïc or Montjuich, meaning ""Jewish Mountain"" in medieval Latin and Catalan, is a broad, shallow hill in Barcelona with a rich history. It was the birthplace of the city, and its strategic location, between the Mediterranean and the Llobregat River, has made it significant throughout history. The hill has a medieval Jewish cemetery, declared an area of Cultural Asset of National Interest in 2007. Montjuïc has been the site of various fortifications, including the Castle of Montjuïc dating back to the 17th century. The area was also associated with political imprisonments and executions, and held significance during the Spanish Civil War.

The hill was chosen as the site for the 1929 International Exposition , which led to the construction of several buildings, including the Palau Nacional and the Estadi Olímpic. Montjuïc was also the location for several venues during the 1992 Summer Olympics, with the Olympic stadium as the centerpiece. The hill is now home to the Museu Nacional d'Art de Catalunya and various parks and gardens , and can be accessed via the Funicular de Montjuïc and the Montjuïc Cable Car."
50,Nivelles-Baulers,Brussels,Belgium,50.6211,4.32694,"Nivelles-Baulers was a 2.314 mi (3.724 km) race track in Nivelles (in French)/ Nijvel (in Dutch) near Brussels , Belgium ."
51,Charade Circuit,Clermont-Ferrand,France,45.7472,3.03889,"The Circuit de Charade , also known as Circuit Louis Rosier and Circuit Clermont-Ferrand , is a motorsport race track in Saint-Genès-Champanelle near Clermont-Ferrand in the Puy-de-Dôme department in Auvergne in central France . The circuit, built around the base of an extinct volcano, was known for its challenging layout which favored the most skillful drivers and motorcyclists. It hosted the French Grand Prix four times and the French motorcycle Grand Prix ten times."
52,Circuit Mont-Tremblant,Quebec,Canada,46.1877,-74.6099,"Circuit Mont-Tremblant is a 4.218 km (2.621 mi) race circuit located approximately 130 km (81 mi) north of Montreal , Quebec , in the city of Mont-Tremblant , Canada . It is the second-oldest existing race track in Canada, and was originally known as Circuit Mont-Tremblant-St-Jovite until it was renamed in the 1970s. Set in the shadow of the Mont-Tremblant ski hill, the twisting fifteen-corner track uses the natural topography and elevation of the land."
53,Rouen-Les-Essarts,Rouen,France,49.3306,1.00458,"Rouen-Les-Essarts was a 5.543 km (3.444 mi) motor racing circuit in Orival , near Rouen , France .

From its opening in 1950, Rouen-Les-Essarts was recognized as one of Europe 's finest circuits, with modern pits, a wide track, and spectator grandstands. The street circuit (which ran on public roads) had a few medium straights, a cobbled hairpin turn (Nouveau Monde) at the southernmost tip, and a few blind corners through a wooded hillside The appeal was greatly enhanced by the climb from Nouveau Monde at 56 m (184 ft) to Gresil at 149 m (489 ft), with gradients over 9%.

Rouen hosted five Formula One French Grand Prix races, the last one in 1968 resulting in the tragic burning death of Jo Schlesser , at the fast downhill Six Frères curve. The circuit continued to host major Formula 2 events until 1978, after which it was used for various French Championships.

The circuit had a number of different configurations. From its construction in 1950 until 1954 it was 5.100 km (3.169 mi) in length. In 1955 major works increased the circuit's length to 6.542 km (4.065 mi), its most famous configuration. Construction of a new Autoroute across the circuit saw a new section of track built and the length of the circuit reduced to 5.543 km (3.444 mi). Finally, in 1974 a permanent chicane was built at Six Frères and this part of the circuit was renamed Des Roches.

The circuit was closed down in 1994 due to economic and safety reasons, since it is very hard to organize a race on public roads if modern safety standards are to be met. In 1999, following the circuit's closure all evidence of area's racing past was demolished, including grandstands, pits, Armco and track signs. The cobbled Nouveau Monde hairpin was also asphalted but it is still possible to drive around on the original circuit configuration.

The name ""Les Essarts"" comes from a village, which was included into the commune of Grand-Couronne in 1874."
54,Le Mans,Le Mans,France,47.95,0.224231,
55,Reims-Gueux,Reims,France,49.2542,3.93083,"The circuit Reims-Gueux was a motor racing circuit made up of rural public roads, located in Gueux , 8 km (5.0 mi) west of Reims in the Champagne region of north-eastern France, established in 1926 as the second venue of the Grand Prix de la Marne . The triangular layout of public roads formed three sectors between the villages of Thillois and Gueux over the La Garenne / Gueux intersection of Route nationale 31 . The circuit became known to be among the fastest of the era for its two long straights (approximately 2.2 km; 1¼ miles in length each) allowing maximum straight-line speed, resulting in many famous slipstream battles."
56,Prince George Circuit,Eastern Cape Province,South Africa,-33.0486,27.8736,"Prince George Circuit is a race circuit in East London in Eastern Cape Province , South Africa . On this course the South African Grand Prix was hosted in 1934, and 1936 to 1939 when racing was halted due to World War II , and then in 1960–1966."
57,Zeltweg,Styria,Austria,47.2039,14.7478,"Zeltweg ( German: [ˈt͡sɛltˌveːk] ) is a town in Styria , Austria . It is located in the Aichfeld basin of the Mur River in Upper Styria . Larger municipalities in the vicinity are Judenburg , Knittelfeld and Fohnsdorf ."
58,Aintree,Liverpool,UK,53.4769,-2.94056,"Aintree is a village and civil parish in the Metropolitan Borough of Sefton , Merseyside , England. Historically in Lancashire , it lies between Walton and Maghull on the A59 road , 6 miles (10 kilometres) northeast of Liverpool city centre . In 2011 the parish had a population of 6689.

It is best known as the site of Aintree Racecourse , which since the 19th century has staged the Grand National horserace. In the 1950s and 1960s, there was also a three-mile-long international Grand Prix motor racing circuit on the site, which used the same grandstands as the horserace. A shorter form of the racing circuit is still used for various motorsport events.

The northern terminus of the Aintree district is commonly referred to by the local populace as ""Old Roan."" This nomenclature is a colloquial moniker employed by residents and lacks formal legal recognition as a distinct geographical location."
59,Circuito da Boavista,Oporto,Portugal,41.1705,-8.67325,"Circuito da Boavista is a street circuit in Porto , Portugal , which was used twice for the Formula One Portuguese Grand Prix . The original course began at the harbor -front ""Esplanada do Rio de Janeiro"", continued on ""Avenida da Boavista"", (hence the circuit's name), and then twisted its way through small neighborhoods back to the start-finish line.

The first Grand Prix was held in 1958, and saw an act of sportsmanship by Stirling Moss . Moss came to the defense of his countryman and title rival Mike Hawthorn , who faced a penalty for having driven towards oncoming traffic after a spin. Moss persuaded the stewards not to disqualify Hawthorn, who retained his second place and 6 points. Hawthorn eventually won the drivers championship by 1 point over Moss.

The 1960 running was a race of attrition, with only four cars finishing within five laps of winner Jack Brabham . Accidents and mechanical problems ended the day early for future champions John Surtees , Phil Hill , Graham Hill and others."
60,Riverside International Raceway,California,USA,33.937,-117.273,"Riverside International Raceway (sometimes known as Riverside , RIR , or Riverside Raceway ) was a motorsports race track and road course established in the Edgemont area of Riverside County, California , just east of the city limits of Riverside and 50 mi (80 km) east of Los Angeles , in 1957. In 1984, the raceway became part of the newly incorporated city of Moreno Valley . Riverside was noted for its hot, dusty environment, which was a dangerous challenge for drivers. It was also considered one of the finest tracks in the United States. The track was in operation from September 22, 1957, to July 2, 1989, with the last race, The Budweiser 400, won by Rusty Wallace , held in 1988. After that final race, a shortened version of the circuit was kept open for car clubs and special events until 1989."
61,AVUS,Berlin,Germany,52.4806,13.2514,"The Automobil-Verkehrs- und Übungsstraße ('Automobile traffic and training road'), known as AVUS ( German pronunciation: [ˈaːvʊs] ), is a public road in Berlin , Germany . Opened in 1921, it was also used as a motor racing circuit until 1998. Today, the AVUS forms the northern part of the Bundesautobahn 115 ."
62,Monsanto Park Circuit,Lisbon,Portugal,38.7197,-9.20306,"The Circuito de Monsanto , or Monsanto Park Circuit , was a 5.440 km (3.380 mi) race track in Monsanto Forest Park , near Lisbon , Portugal which hosted the Portuguese Grand Prix .

Built on parklands , the circuit was considered difficult to drive because it crossed so many different types of surfaces, including tramlines at one point. The track hosted numerous races from 1954 to 1959, but only one race qualified as a Formula One event: the 1959 Portuguese Grand Prix , won by Stirling Moss . He won the race in the twilight hours, since the race was purposely started late in the day to avoid the intense late summer sun."
63,Sebring International Raceway,Florida,USA,27.4547,-81.3483,"Sebring International Raceway is a road course auto racing facility in the southeastern United States, located near Sebring, Florida .

Sebring Raceway is one of the oldest continuously operating race tracks in the U.S., its first race being run in 1950. Sebring is one of the classic race tracks in North American sports car racing , and plays host to the 12 Hours of Sebring .

The raceway occupies a portion of Sebring Regional Airport (an active airport for private and commercial traffic that was originally built as Hendricks Army Airfield , which was a World War II training base for the United States Army Air Forces )."
64,Ain Diab,Casablanca,Morocco,33.5786,-7.6875,"Ain Diab ( Arabic : عين الذئاب , romanized : a'ayn a-thia'āb ) is a neighborhood located at the Corniche of Casablanca , Morocco . The neighborhood is affluent and famous for the fashionable stretch of coastline known as the Corniche. There are numerous hotels, restaurants, nightclubs, and Lalla Meryem Beach and Ain Diab Beach. There is also the ribat and island of Sidi Abderrahman, which is now connected to the mainland by bridge.

Ain Diab hosted a round of the Formula One World Championship in 1958 . Amongst the notable residents is the British-born writer Tahir Shah .

The first McDonald's franchise in Africa and in the Arab world opened on Ain Diab in 1992."
65,Pescara Circuit,Pescara,Italy,42.475,14.1508,"The Pescara Circuit was a 16.032 mi (25.801 km) race course made up entirely of public roads near Pescara , Italy that hosted the Coppa Acerbo auto race. Pescara is the longest circuit to ever host a Formula One Grand Prix."
66,Circuit Bremgarten,Bern,Switzerland,46.9589,7.40194,"The Circuit Bremgarten was a 7.280 km (4.524 mi) motorsport race track in Bern , Switzerland , which formerly hosted the Swiss Grand Prix from 1933 to 1954 ( Formula One , 1947 to 1954) and the Swiss motorcycle Grand Prix in 1949 and from 1951 until 1954.

Bremgarten was built as a motorcycle racing track in 1931 in the Bremgartenwald (Bremgarten forest) in the north of Bern. The circuit itself had no true straight, instead being a collection of high-speed corners. It hosted its first automobile race in 1934 , which claimed the life of driver Hugh Hamilton . In 1948 it claimed the life of Italian racer Achille Varzi . From the outset, Bremgarten's tree-lined roads, often poor light conditions and changes in road surface made for what was acknowledged to be a very dangerous circuit, especially in the wet.

Bremgarten has not hosted an official motorsport event since 1955, when spectator racing sports, with the exception of hillclimbing and rallying , were banned in Switzerland in reaction to the 1955 Le Mans disaster . Although there was a 1982 Swiss Grand Prix , it took place in Dijon , France . On June 6, 2007 an amendment to lift the ban was passed by the lower house of the Swiss parliament, 97 in favour and 77 opposed. The legislation failed to pass the upper house , and was withdrawn in 2009 after being rejected twice."
67,Circuit de Pedralbes,Barcelona,Spain,41.3903,2.11667,"The Pedralbes Circuit ( Spanish : Circuito de Pedralbes ) was a 6.333 km (3.935 mi) street racing course in Barcelona , Catalonia , Spain .

First opened in 1946 in the western suburbs of the city, in the Pedralbes neighbourhood, the course featured wide streets and expansive, sweeping corners; both drivers and racing fans loved the course. The circuit hosted the Penya Rhin Grand Prix four times (1946, 1948, 1950 and 1954. ). The circuit also hosted the Spanish Grand Prix in 1951 and 1954 Due to stricter safety rules following the 1955 Le Mans disaster , the Pedralbes Circuit was permanently retired as a racing venue."
68,Buddh International Circuit,Uttar Pradesh,India,28.3487,77.5331,"The Buddh International Circuit is an Indian motor racing circuit situated in Jaypee Sports City , Greater Noida , Uttar Pradesh . The track shares its name with Gautama Buddha , as does the district of its location. The track was officially inaugurated on 18 October 2011.

The 5.125 km (3.185 mi) long circuit was designed by German racetrack designer Hermann Tilke . The circuit is best known as the venue for the annual Formula One Indian Grand Prix , which was first hosted in October 2011. However, the Grand Prix was suspended for 2014 and subsequently cancelled due to a tax dispute with the Government of Uttar Pradesh during the Akhilesh Yadav administration ."
69,Circuit of the Americas,Austin,USA,30.1328,-97.6411,"Circuit of the Americas ( COTA ) is a Grade 1 FIA -specification 3.426-mile (5.514 km) motor racing track and facilities located in Austin, Texas , United States. The facility is home to the Formula One United States Grand Prix , NASCAR EchoPark Automotive Grand Prix , and the Motorcycle Grand Prix of the Americas , a round in MotoGP and the FIA World Endurance Championship with the Lone Star Le Mans . It previously hosted the Australian V8 Supercars , the Americas Rallycross Championship , the American Le Mans Series , the Rolex Sports Car Series , the IMSA SportsCar Championship and the IndyCar Classic .

The circuit and Grand Prix were first proposed in the middle of 2010. The circuit was the first in the United States to be purpose-built for Formula One. The layout was conceived by promoter Tavo Hellmund and 1993 Motorcycle World Champion Kevin Schwantz with the assistance of German architect and circuit designer Hermann Tilke , who has also designed the Sepang , Shanghai , Yas Marina , Istanbul , Bahrain , Yeongam , and Buddh circuits, as well as the reprofiling of the Hockenheimring and Fuji Speedway ."
70,Red Bull Ring,Spielberg,Austria,47.2197,14.7647,"The Red Bull Ring is a motorsport race track in Spielberg , Styria , Austria . The race circuit was founded as Österreichring (translation: Austrian Circuit) and hosted the Austrian Grand Prix for 18 consecutive years, from 1970 to 1987 . It was later shortened, rebuilt and renamed the A1-Ring (A Eins-Ring), and it hosted the Austrian Grand Prix again from 1997 to 2003 .

When Formula One outgrew the circuit, a plan was drawn up to extend the layout. Parts of the circuit, including the pits and main grandstand, were demolished, but construction work was stopped and the circuit remained unusable for several years before it was purchased by Red Bull 's Dietrich Mateschitz and rebuilt. Renamed the Red Bull Ring the track was reopened on 15 May 2011 and subsequently hosted a round of the 2011 DTM season and a round of the 2011 F2 championship . Formula One returned to the circuit in the 2014 season, and MotoGP returned to the circuit in the 2016 season. The Red Bull Ring also hosted a second F1 event named the Styrian Grand Prix in 2020 and 2021 ; and a second MotoGP event named the Styrian motorcycle Grand Prix in 2020 and 2021 after the COVID-19 pandemic affected the schedules of both of those seasons."
71,Sochi Autodrom,Sochi,Russia,43.4057,39.9578,"The Sirius Autodrom ( Russian : Сириус Автодром , romanized : Sirius Avtodrom ), known before 2024 as Sochi Autodrom ( Russian : Сочи Автодром , romanized : Sochi Avtodrom ) and originally as the Sochi International Street Circuit and the Sochi Olympic Park Circuit , is a 5.848 km (3.634 mi) permanent race track in the settlement of Sirius next to the Black Sea resort city of Sochi in Krasnodar Krai , Russia.

The circuit runs around a former Olympic complex, the Sochi Olympic Park site, scene of the 2014 Winter Olympic Games . The TCR International Series raced at Sochi in 2015 and 2016.

The inaugural World Championship Russian Grand Prix took place in 2014 , with the circuit hosting the Grand Prix up to 2021 . The contract was terminated before the 2022 edition due to the Russian invasion of Ukraine ."
73,Baku City Circuit,Baku,Azerbaijan,40.3725,49.8533,"The Baku City Circuit ( Azerbaijani : Bakı Şəhər Halqası ) is a motor racing street circuit located in Baku , Azerbaijan constructed near Baku Boulevard . A lap of the circuit is 6.003 km (3.730 mi), making it the fourth-longest circuit on the Formula One calendar (after Circuit de Spa-Francorchamps , Jeddah Street Circuit and Las Vegas Strip Circuit ). The inaugural Formula One race at the circuit was the 2016 European Grand Prix and its support events. A year later, in 2017, the circuit held the inaugural Azerbaijan Grand Prix . The event is organised by Baku City Circuit Operation Company ( Azerbaijani : Bakı Şəhər Halqası Əməliyyat Şirkəti )."
75,Autódromo Internacional do Algarve,Portimão,Portugal,37.227,-8.6267,
76,Autodromo Internazionale del Mugello,Mugello,Italy,43.9975,11.3719,"L' autodromo internazionale del Mugello , noto anche come Mugello Circuit , è un circuito automobilistico e motociclistico italiano . Si trova nel comune di Scarperia e San Piero , nella città metropolitana di Firenze , ed è di proprietà della Ferrari . Il tracciato della pista è lungo 5 245 m , e si snoda attraverso 15 curve.

Non molto distante dall'attuale impianto sorgeva il rinomato circuito stradale del Mugello , sede di gare automobilistiche disputatesi, senza soluzione di continuità, dal 1914 al 1970."
77,Jeddah Corniche Circuit,Jeddah,Saudi Arabia,21.6319,39.1044,"The Jeddah Corniche Circuit ( Arabic : حلبة كورنيش جدة ) is a 6.174 km (3.836 mi) motor racing street circuit built in the Red Sea port city of Jeddah , in Saudi Arabia . The circuit staged the inaugural Saudi Arabian Grand Prix on 5 December 2021 as the penultimate race on the 2021 Formula One season calendar."
78,Losail International Circuit,Al Daayen,Qatar,25.49,51.4542,"The Lusail International Circuit ( Arabic : حلبة لوسيل الدولية , sometimes rendered Losail International Circuit ) is a motor racing circuit located just outside the city of Lusail , north of Doha , Qatar . The track is 5.419 km (3.367 mi) in length, with a main straight of 1.068 km (0.664 mi). It is surrounded by artificial grass intended to stop the sand encroaching on the track."
79,Miami International Autodrome,Miami,USA,25.9581,-80.2389,"The Miami International Autodrome is a purpose-built temporary circuit around Hard Rock Stadium and its private facilities in the Miami suburb of Miami Gardens, Florida, United States . The track is 3.363 mi (5.412 km) long and features 19 corners with an average in a Formula One car of around 139 mph (224 km/h) in qualifying. The track was designed by Formula One track designers, Apex Circuit Design, for the Miami Grand Prix , which was added to the Formula One calendar for the 2022 World Championship ."
